INSERT INTO public.game (id, title, "year", rating, "cost") VALUES(1, ' Destiny 2', '2020', 4.1, 40.0);
INSERT INTO public.game (id, title, "year", rating, "cost") VALUES(2, 'Dota 2', '2024', 3.5, 56.3);
INSERT INTO public.game (id, title, "year", rating, "cost") VALUES(3, 'Goose goose Duck', '1950', 5.0, 10.0);
INSERT INTO public.game (id, title, "year", rating, "cost") VALUES(4, 'Hogwarts Legacy', '1950', 5.0, 10.5);
INSERT INTO public.game (id, title, "year", rating, "cost") VALUES(5, 'Doom', '2010', 4.1, 40.99);
INSERT INTO public.game (id, title, "year", rating, "cost") VALUES(6, 'Lost Ark', '2020', 4.6, 45.5);
INSERT INTO public.game (id, title, "year", rating, "cost") VALUES(9, 'PUBG: Battlegrounds', '2014', 3.7, 32.5);
INSERT INTO public.game (id, title, "year", rating, "cost") VALUES(10, 'Sons of the Forest', '2015', 2.5, 20.99);
INSERT INTO public.game (id, title, "year", rating, "cost") VALUES(11, 'Starfield', '2013', 4.2, 34.99);


INSERT INTO public.usersteam (id, username, emailaddress, phonenumber, "password") VALUES(5, 'PippoPluto', 'pippo@libero.it', '515181926', '$2a$10$cGsWwifDQwsEbPFJS.Ecr.leMgJ7Slvx4YcavKakjhWYKThzxbqXy');
INSERT INTO public.usersteam (id, username, emailaddress, phonenumber, "password") VALUES(6, 'Zepod', 'zepod@libero.it', '305185162', '$2a$10$cGsWwifDQwsEbPFJS.Ecr.leMgJ7Slvx4YcavKakjhWYKThzxbqXy');
INSERT INTO public.usersteam (id, username, emailaddress, phonenumber, "password") VALUES(55, 'Giovox', 'ciao@libero.it', NULL, '$2a$10$cGsWwifDQwsEbPFJS.Ecr.leMgJ7Slvx4YcavKakjhWYKThzxbqXy');
INSERT INTO public.usersteam (id, username, emailaddress, phonenumber, "password") VALUES(54, 'Diana', 'prova2@gmail.com', NULL, '$2a$10$cGsWwifDQwsEbPFJS.Ecr.leMgJ7Slvx4YcavKakjhWYKThzxbqXy');
INSERT INTO public.usersteam (id, username, emailaddress, phonenumber, "password") VALUES(1, 'Samwise', 'email@libero.it', '3333333333', '$2a$10$cGsWwifDQwsEbPFJS.Ecr.leMgJ7Slvx4YcavKakjhWYKThzxbqXy');
INSERT INTO public.usersteam (id, username, emailaddress, phonenumber, "password") VALUES(3, 'JohnLock', 'bbbbb@libero.it', '3333333333', '$2a$10$cGsWwifDQwsEbPFJS.Ecr.leMgJ7Slvx4YcavKakjhWYKThzxbqXy');
INSERT INTO public.usersteam (id, username, emailaddress, phonenumber, "password") VALUES(4, 'JackBobbi', 'aaaaaa@libero.it', '3333333333', '$2a$10$cGsWwifDQwsEbPFJS.Ecr.leMgJ7Slvx4YcavKakjhWYKThzxbqXy');
INSERT INTO public.usersteam (id, username, emailaddress, phonenumber, "password") VALUES(56, 'Yasuo', 'prova123@virgilio.it', NULL, '$2a$10$cGsWwifDQwsEbPFJS.Ecr.leMgJ7Slvx4YcavKakjhWYKThzxbqXy');
INSERT INTO public.usersteam (id, username, emailaddress, phonenumber, "password") VALUES(7, 'Garen', 'aaa@libero.it', '3455554', '$2a$10$cGsWwifDQwsEbPFJS.Ecr.leMgJ7Slvx4YcavKakjhWYKThzxbqXy');
INSERT INTO public.usersteam (id, username, emailaddress, phonenumber, "password") VALUES(53, 'Sett', 'tot@libero.it', NULL, '$2a$10$cGsWwifDQwsEbPFJS.Ecr.leMgJ7Slvx4YcavKakjhWYKThzxbqXy');
INSERT INTO public.usersteam (id, username, emailaddress, phonenumber, "password") VALUES(57, 'Kate', 'oo', NULL, '$2a$10$EkoHlOXTbenF.pOt/woWWu.EdMs7fpLtXDup6PPMYYAgT5d5G3LxG');
INSERT INTO public.usersteam (id, username, emailaddress, phonenumber, "password") VALUES(58, 'NewUser', 'newuser@gmail.com', NULL, '{bcrypt}$2a$10$tV/zMztnlPQdhQE9DsnG1Ozwl1HkFVW3KZiP3vlD4giOL03lGJkSm');
INSERT INTO public.usersteam (id, username, emailaddress, phonenumber, "password") VALUES(59, 'NewUser2', 'ddd@libero.it', NULL, '{bcrypt}$2a$10$syqfZht70pAcXwOqLq6MfeJsgjKnr7tm6H05YUvJkquZLWWGS4zGu');
INSERT INTO public.usersteam (id, username, emailaddress, phonenumber, "password") VALUES(60, 'UserOne', 'userone@libero.it', NULL, '$2a$10$oZYQlOoj1j01hfloC5HHE.MuE577iSS9wESCSNEOdD/1sgSXcH3SC');
INSERT INTO public.usersteam (id, username, emailaddress, phonenumber, "password") VALUES(12, 'dario', 'dario@gmail.com', '4456656334', '$2a$10$cGsWwifDQwsEbPFJS.Ecr.leMgJ7Slvx4YcavKakjhWYKThzxbqXy');
INSERT INTO public.usersteam (id, username, emailaddress, phonenumber, "password") VALUES(61, 'poppy', 'poppy@libero.it', NULL, '$2a$10$Y5Mdn3RrcxgR4aWjACvH9OAuMBUM7p8uBJzGK7TwwFOu0x8rFsr3G');
INSERT INTO public.usersteam (id, username, emailaddress, phonenumber, "password") VALUES(62, 'poi', 'poi', NULL, '$2a$10$48EJlD.zojw7HwQi3dCiSu.Dd17x/ac67uvjhMSeOF0l4/tthWLn2');


INSERT INTO public.play (iduser, idgame, totalhours) VALUES(3, 1, 3.0);
INSERT INTO public.play (iduser, idgame, totalhours) VALUES(4, 2, 39.0);
INSERT INTO public.play (iduser, idgame, totalhours) VALUES(12, 2, 25.0);
INSERT INTO public.play (iduser, idgame, totalhours) VALUES(12, 10, 44.6);
INSERT INTO public.play (iduser, idgame, totalhours) VALUES(1, 1, 4.0);
INSERT INTO public.play (iduser, idgame, totalhours) VALUES(1, 5, 5.0);
INSERT INTO public.play (iduser, idgame, totalhours) VALUES(12, 3, 6.0);
INSERT INTO public.play (iduser, idgame, totalhours) VALUES(1, 4, 77.0);
INSERT INTO public.play (iduser, idgame, totalhours) VALUES(12, 6, 3.0);
INSERT INTO public.play (iduser, idgame, totalhours) VALUES(12, 1, 0.0);
INSERT INTO public.play (iduser, idgame, totalhours) VALUES(12, 9, 0.0);
INSERT INTO public.play (iduser, idgame, totalhours) VALUES(12, 5, 55.0);
INSERT INTO public.play (iduser, idgame, totalhours) VALUES(58, 2, 0.0);

INSERT INTO public.hasfriend (iduser, idfriend) VALUES(5, 3);
INSERT INTO public.hasfriend (iduser, idfriend) VALUES(3, 4);
INSERT INTO public.hasfriend (iduser, idfriend) VALUES(1, 6);
INSERT INTO public.hasfriend (iduser, idfriend) VALUES(1, 3);
INSERT INTO public.hasfriend (iduser, idfriend) VALUES(1, 1);
INSERT INTO public.hasfriend (iduser, idfriend) VALUES(1, 5);
INSERT INTO public.hasfriend (iduser, idfriend) VALUES(12, 3);
INSERT INTO public.hasfriend (iduser, idfriend) VALUES(12, 4);
INSERT INTO public.hasfriend (iduser, idfriend) VALUES(12, 6);
INSERT INTO public.hasfriend (iduser, idfriend) VALUES(12, 54);
INSERT INTO public.hasfriend (iduser, idfriend) VALUES(12, 5);
INSERT INTO public.hasfriend (iduser, idfriend) VALUES(58, 6);
INSERT INTO public.hasfriend (iduser, idfriend) VALUES(62, 5);